{"train_loss":0.05573925580148352,"learning_rate":0,"_timestamp":1.7518547519924932e+09,"_step":19,"_wandb":{"runtime":112693},"_runtime":112693,"epoch":19}